First name,Last name,Party,Constituency,URI
Diane,Abbott,Labour,Hackney North and Stoke Newington,http://www.theyworkforyou.com/mp/10001/diane_abbott/hackney_north_and_stoke_newington
Debbie,Abrahams,Labour,Oldham East and Saddleworth,http://www.theyworkforyou.com/mp/25034/debbie_abrahams/oldham_east_and_saddleworth
Nigel,Adams,Conservative,Selby and Ainsty,http://www.theyworkforyou.com/mp/24878/nigel_adams/selby_and_ainsty
Adam,Afriyie,Conservative,Windsor,http://www.theyworkforyou.com/mp/11929/adam_afriyie/windsor
Bob,Ainsworth,Labour,Coventry North East,http://www.theyworkforyou.com/mp/10005/bob_ainsworth/coventry_north_east
Peter,Aldous,Conservative,Waveney,http://www.theyworkforyou.com/mp/24904/peter_aldous/waveney
Danny,Alexander,Liberal Democrat,"Inverness, Nairn, Badenoch and Strathspey",http://www.theyworkforyou.com/mp/11995/danny_alexander/inverness%2C_nairn%2C_badenoch_and_strathspey
Douglas,Alexander,Labour,Paisley and Renfrewshire South,http://www.theyworkforyou.com/mp/10661/douglas_alexander/paisley_and_renfrewshire_south
Heidi,Alexander,Labour,Lewisham East,http://www.theyworkforyou.com/mp/24953/heidi_alexander/lewisham_east
Rushanara,Ali,Labour,Bethnal Green and Bow,http://www.theyworkforyou.com/mp/24958/rushanara_ali/bethnal_green_and_bow
Graham,Allen,Labour,Nottingham North,http://www.theyworkforyou.com/mp/10008/graham_allen/nottingham_north
David,Amess,Conservative,Southend West,http://www.theyworkforyou.com/mp/10009/david_amess/southend_west
David,Anderson,Labour,Blaydon,http://www.theyworkforyou.com/mp/11427/david_anderson/blaydon
Stuart,Andrew,Conservative,Pudsey,http://www.theyworkforyou.com/mp/24864/stuart_andrew/pudsey
James,Arbuthnot,Conservative,North East Hampshire,http://www.theyworkforyou.com/mp/10013/james_arbuthnot/north_east_hampshire
Jonathan,Ashworth,Labour,Leicester South,http://www.theyworkforyou.com/mp/25120/jonathan_ashworth/leicester_south
Ian,Austin,Labour,Dudley North,http://www.theyworkforyou.com/mp/11553/ian_austin/dudley_north
Richard,Bacon,Conservative,South Norfolk,http://www.theyworkforyou.com/mp/10707/richard_bacon/south_norfolk
Adrian,Bailey,Labour,West Bromwich West,http://www.theyworkforyou.com/mp/10683/adrian_bailey/west_bromwich_west
William,Bain,Labour,Glasgow North East,http://www.theyworkforyou.com/mp/24697/william_bain/glasgow_north_east
Norman,Baker,Liberal Democrat,Lewes,http://www.theyworkforyou.com/mp/10022/norman_baker/lewes
Steven,Baker,Conservative,Wycombe,http://www.theyworkforyou.com/mp/24786/steven_baker/wycombe
Tony,Baldry,Conservative,Banbury,http://www.theyworkforyou.com/mp/10023/tony_baldry/banbury
Harriett,Baldwin,Conservative,West Worcestershire,http://www.theyworkforyou.com/mp/24785/harriett_baldwin/west_worcestershire
Edward,Balls,Labour,Morley and Outwood,http://www.theyworkforyou.com/mp/11740/edward_balls/morley_and_outwood
Gordon,Banks,Labour,Ochil and South Perthshire,http://www.theyworkforyou.com/mp/12005/gordon_banks/ochil_and_south_perthshire
Stephen,Barclay,Conservative,North East Cambridgeshire,http://www.theyworkforyou.com/mp/24916/stephen_barclay/north_east_cambridgeshire
Gregory,Barker,Conservative,Bexhill and Battle,http://www.theyworkforyou.com/mp/10713/gregory_barker/bexhill_and_battle
John,Baron,Conservative,Basildon and Billericay,http://www.theyworkforyou.com/mp/10715/john_baron/basildon_and_billericay
Kevin,Barron,Labour,Rother Valley,http://www.theyworkforyou.com/mp/10027/kevin_barron/rother_valley
Gavin,Barwell,Conservative,Croydon Central,http://www.theyworkforyou.com/mp/24863/gavin_barwell/croydon_central
Hugh,Bayley,Labour,York Central,http://www.theyworkforyou.com/mp/10029/hugh_bayley/york_central
Guto,Bebb,Conservative,Aberconwy,http://www.theyworkforyou.com/mp/24736/guto_bebb/aberconwy
Margaret,Beckett,Labour,Derby South,http://www.theyworkforyou.com/mp/10031/margaret_beckett/derby_south
Anne,Begg,Labour,Aberdeen South,http://www.theyworkforyou.com/mp/10032/anne_begg/aberdeen_south
Alan,Beith,Liberal Democrat,Berwick-upon-Tweed,http://www.theyworkforyou.com/mp/10034/alan_beith/berwick-upon-tweed
Henry,Bellingham,Conservative,North West Norfolk,http://www.theyworkforyou.com/mp/10726/henry_bellingham/north_west_norfolk
Hilary,Benn,Labour,Leeds Central,http://www.theyworkforyou.com/mp/10669/hilary_benn/leeds_central
Joe,Benton,Labour,Bootle,http://www.theyworkforyou.com/mp/10039/joe_benton/bootle
Richard,Benyon,Conservative,Newbury,http://www.theyworkforyou.com/mp/11727/richard_benyon/newbury
John,Bercow,-,Buckingham,http://www.theyworkforyou.com/mp/10040/john_bercow/buckingham
Paul,Beresford,Conservative,Mole Valley,http://www.theyworkforyou.com/mp/10041/paul_beresford/mole_valley
Luciana,Berger,Labour,"Liverpool, Wavertree",http://www.theyworkforyou.com/mp/24924/luciana_berger/liverpool%2C_wavertree
Jake,Berry,Conservative,Rossendale and Darwen,http://www.theyworkforyou.com/mp/24860/jake_berry/rossendale_and_darwen
Clive,Betts,Labour,Sheffield South East,http://www.theyworkforyou.com/mp/10045/clive_betts/sheffield_south_east
Andrew,Bingham,Conservative,High Peak,http://www.theyworkforyou.com/mp/24748/andrew_bingham/high_peak
Brian,Binley,Conservative,Northampton South,http://www.theyworkforyou.com/mp/11742/brian_binley/northampton_south
Gordon,Birtwistle,Liberal Democrat,Burnley,http://www.theyworkforyou.com/mp/24793/gordon_birtwistle/burnley
Bob,Blackman,Conservative,Harrow East,http://www.theyworkforyou.com/mp/24945/bob_blackman/harrow_east
Roberta,Blackman-Woods,Labour,City of Durham,http://www.theyworkforyou.com/mp/11558/roberta_blackman-woods/city_of_durham
Nicola,Blackwood,Conservative,Oxford West and Abingdon,http://www.theyworkforyou.com/mp/24842/nicola_blackwood/oxford_west_and_abingdon
Hazel,Blears,Labour,Salford and Eccles,http://www.theyworkforyou.com/mp/10048/hazel_blears/salford_and_eccles
Tom,Blenkinsop,Labour,Middlesbrough South and East Cleveland,http://www.theyworkforyou.com/mp/24848/tom_blenkinsop/middlesbrough_south_and_east_cleveland
Paul,Blomfield,Labour,Sheffield Central,http://www.theyworkforyou.com/mp/24943/paul_blomfield/sheffield_central
David,Blunkett,Labour,"Sheffield, Brightside and Hillsborough",http://www.theyworkforyou.com/mp/10050/david_blunkett/sheffield%2C_brightside_and_hillsborough
Crispin,Blunt,Conservative,Reigate,http://www.theyworkforyou.com/mp/10051/crispin_blunt/reigate
Nicholas,Boles,Conservative,Grantham and Stamford,http://www.theyworkforyou.com/mp/24766/nicholas_boles/grantham_and_stamford
Peter,Bone,Conservative,Wellingborough,http://www.theyworkforyou.com/mp/11915/peter_bone/wellingborough
Peter,Bottomley,Conservative,Worthing West,http://www.theyworkforyou.com/mp/10057/peter_bottomley/worthing_west
Karen,Bradley,Conservative,Staffordshire Moorlands,http://www.theyworkforyou.com/mp/24725/karen_bradley/staffordshire_moorlands
Ben,Bradshaw,Labour,Exeter,http://www.theyworkforyou.com/mp/10061/ben_bradshaw/exeter
Graham,Brady,Conservative,Altrincham and Sale West,http://www.theyworkforyou.com/mp/10062/graham_brady/altrincham_and_sale_west
Tom,Brake,Liberal Democrat,Carshalton and Wallington,http://www.theyworkforyou.com/mp/10063/tom_brake/carshalton_and_wallington
Angie,Bray,Conservative,Ealing Central and Acton,http://www.theyworkforyou.com/mp/24952/angie_bray/ealing_central_and_acton
Julian,Brazier,Conservative,Canterbury,http://www.theyworkforyou.com/mp/10065/julian_brazier/canterbury
Kevin,Brennan,Labour,Cardiff West,http://www.theyworkforyou.com/mp/10753/kevin_brennan/cardiff_west
Andrew,Bridgen,Conservative,North West Leicestershire,http://www.theyworkforyou.com/mp/24741/andrew_bridgen/north_west_leicestershire
Steve,Brine,Conservative,Winchester,http://www.theyworkforyou.com/mp/24901/steve_brine/winchester
James,Brokenshire,Conservative,Old Bexley and Sidcup,http://www.theyworkforyou.com/mp/11640/james_brokenshire/old_bexley_and_sidcup
Annette,Brooke,Liberal Democrat,Mid Dorset and North Poole,http://www.theyworkforyou.com/mp/10754/annette_brooke/mid_dorset_and_north_poole
Gordon,Brown,Labour,Kirkcaldy and Cowdenbeath,http://www.theyworkforyou.com/mp/10068/gordon_brown/kirkcaldy_and_cowdenbeath
Lyn,Brown,Labour,West Ham,http://www.theyworkforyou.com/mp/11921/lyn_brown/west_ham
Nick,Brown,Labour,Newcastle upon Tyne East,http://www.theyworkforyou.com/mp/10069/nick_brown/newcastle_upon_tyne_east
Russell,Brown,Labour,Dumfries and Galloway,http://www.theyworkforyou.com/mp/10070/russell_brown/dumfries_and_galloway
Jeremy,Browne,Liberal Democrat,Taunton Deane,http://www.theyworkforyou.com/mp/11869/jeremy_browne/taunton_deane
Fiona,Bruce,Conservative,Congleton,http://www.theyworkforyou.com/mp/24857/fiona_bruce/congleton
Malcolm,Bruce,Liberal Democrat,Gordon,http://www.theyworkforyou.com/mp/10074/malcolm_bruce/gordon
Chris,Bryant,Labour,Rhondda,http://www.theyworkforyou.com/mp/10761/chris_bryant/rhondda
Karen,Buck,Labour,Westminster North,http://www.theyworkforyou.com/mp/10075/karen_buck/westminster_north
Robert,Buckland,Conservative,South Swindon,http://www.theyworkforyou.com/mp/24843/robert_buckland/south_swindon
Richard,Burden,Labour,"Birmingham, Northfield",http://www.theyworkforyou.com/mp/10076/richard_burden/birmingham%2C_northfield
Aidan,Burley,Conservative,Cannock Chase,http://www.theyworkforyou.com/mp/24844/aidan_burley/cannock_chase
Andy,Burnham,Labour,Leigh,http://www.theyworkforyou.com/mp/10766/andy_burnham/leigh
Conor,Burns,Conservative,Bournemouth West,http://www.theyworkforyou.com/mp/24780/conor_burns/bournemouth_west
Simon,Burns,Conservative,Chelmsford,http://www.theyworkforyou.com/mp/10079/simon_burns/chelmsford
David,Burrowes,Conservative,"Enfield, Southgate",http://www.theyworkforyou.com/mp/11573/david_burrowes/enfield%2C_southgate
Paul,Burstow,Liberal Democrat,Sutton and Cheam,http://www.theyworkforyou.com/mp/10080/paul_burstow/sutton_and_cheam
Alistair,Burt,Conservative,North East Bedfordshire,http://www.theyworkforyou.com/mp/10770/alistair_burt/north_east_bedfordshire
Lorely,Burt,Liberal Democrat,Solihull,http://www.theyworkforyou.com/mp/11823/lorely_burt/solihull
Dan,Byles,Conservative,North Warwickshire,http://www.theyworkforyou.com/mp/24849/dan_byles/north_warwickshire
Liam,Byrne,Labour,"Birmingham, Hodge Hill",http://www.theyworkforyou.com/mp/11360/liam_byrne/birmingham%2C_hodge_hill
Vincent,Cable,Liberal Democrat,Twickenham,http://www.theyworkforyou.com/mp/10084/vincent_cable/twickenham
Alun,Cairns,Conservative,Vale of Glamorgan,http://www.theyworkforyou.com/mp/24740/alun_cairns/vale_of_glamorgan
David,Cameron,Conservative,Witney,http://www.theyworkforyou.com/mp/10777/david_cameron/witney
Alan,Campbell,Labour,Tynemouth,http://www.theyworkforyou.com/mp/10086/alan_campbell/tynemouth
Gregory,Campbell,DUP,East Londonderry,http://www.theyworkforyou.com/mp/10780/gregory_campbell/east_londonderry
Menzies,Campbell,Liberal Democrat,North East Fife,http://www.theyworkforyou.com/mp/10088/menzies_campbell/north_east_fife
Ronnie,Campbell,Labour,Blyth Valley,http://www.theyworkforyou.com/mp/10089/ronnie_campbell/blyth_valley
Alistair,Carmichael,Liberal Democrat,Orkney and Shetland,http://www.theyworkforyou.com/mp/10785/alistair_carmichael/orkney_and_shetland
Neil,Carmichael,Conservative,Stroud,http://www.theyworkforyou.com/mp/24840/neil_carmichael/stroud
Douglas,Carswell,UKIP,Clacton,http://www.theyworkforyou.com/mp/11621/douglas_carswell/clacton
William,Cash,Conservative,Stone,http://www.theyworkforyou.com/mp/10095/william_cash/stone
Martin,Caton,Labour,Gower,http://www.theyworkforyou.com/mp/10096/martin_caton/gower
Sarah,Champion,Labour,Rotherham,http://www.theyworkforyou.com/mp/25168/sarah_champion/rotherham
Jenny,Chapman,Labour,Darlington,http://www.theyworkforyou.com/mp/24711/jenny_chapman/darlington
Rehman,Chishti,Conservative,Gillingham and Rainham,http://www.theyworkforyou.com/mp/24920/rehman_chishti/gillingham_and_rainham
Christopher,Chope,Conservative,Christchurch,http://www.theyworkforyou.com/mp/10103/christopher_chope/christchurch
James,Clappison,Conservative,Hertsmere,http://www.theyworkforyou.com/mp/10106/james_clappison/hertsmere
Greg,Clark,Conservative,Tunbridge Wells,http://www.theyworkforyou.com/mp/11884/greg_clark/tunbridge_wells
Katy,Clark,Labour,North Ayrshire and Arran,http://www.theyworkforyou.com/mp/11963/katy_clark/north_ayrshire_and_arran
Kenneth,Clarke,Conservative,Rushcliffe,http://www.theyworkforyou.com/mp/10115/kenneth_clarke/rushcliffe
Tom,Clarke,Labour,"Coatbridge, Chryston and Bellshill",http://www.theyworkforyou.com/mp/10116/tom_clarke/coatbridge%2C_chryston_and_bellshill
Nicholas,Clegg,Liberal Democrat,"Sheffield, Hallam",http://www.theyworkforyou.com/mp/11812/nicholas_clegg/sheffield%2C_hallam
Geoffrey,Clifton-Brown,Conservative,The Cotswolds,http://www.theyworkforyou.com/mp/10119/geoffrey_clifton-brown/the_cotswolds
Ann,Clwyd,Labour,Cynon Valley,http://www.theyworkforyou.com/mp/10120/ann_clwyd/cynon_valley
Vernon,Coaker,Labour,Gedling,http://www.theyworkforyou.com/mp/10121/vernon_coaker/gedling
Ann,Coffey,Labour,Stockport,http://www.theyworkforyou.com/mp/10122/ann_coffey/stockport
Therese,Coffey,Conservative,Suffolk Coastal,http://www.theyworkforyou.com/mp/24771/therese_coffey/suffolk_coastal
Damian,Collins,Conservative,Folkestone and Hythe,http://www.theyworkforyou.com/mp/24744/damian_collins/folkestone_and_hythe
Oliver,Colvile,Conservative,"Plymouth, Sutton and Devonport",http://www.theyworkforyou.com/mp/24898/oliver_colvile/plymouth%2C_sutton_and_devonport
Michael,Connarty,Labour,Linlithgow and East Falkirk,http://www.theyworkforyou.com/mp/10128/michael_connarty/linlithgow_and_east_falkirk
Rosie,Cooper,Labour,West Lancashire,http://www.theyworkforyou.com/mp/11667/rosie_cooper/west_lancashire
Yvette,Cooper,Labour,"Normanton, Pontefract and Castleford",http://www.theyworkforyou.com/mp/10131/yvette_cooper/normanton%2C_pontefract_and_castleford
Jeremy,Corbyn,Labour,Islington North,http://www.theyworkforyou.com/mp/10133/jeremy_corbyn/islington_north
Geoffrey,Cox,Conservative,Torridge and West Devon,http://www.theyworkforyou.com/mp/11541/geoffrey_cox/torridge_and_west_devon
Stephen,Crabb,Conservative,Preseli Pembrokeshire,http://www.theyworkforyou.com/mp/11768/stephen_crabb/preseli_pembrokeshire
David,Crausby,Labour,Bolton North East,http://www.theyworkforyou.com/mp/10141/david_crausby/bolton_north_east
Mary,Creagh,Labour,Wakefield,http://www.theyworkforyou.com/mp/11898/mary_creagh/wakefield
Stella,Creasy,Labour,Walthamstow,http://www.theyworkforyou.com/mp/24949/stella_creasy/walthamstow
Michael,Crockart,Liberal Democrat,Edinburgh West,http://www.theyworkforyou.com/mp/24794/michael_crockart/edinburgh_west
Tracey,Crouch,Conservative,Chatham and Aylesford,http://www.theyworkforyou.com/mp/24871/tracey_crouch/chatham_and_aylesford
Jon,Cruddas,Labour,Dagenham and Rainham,http://www.theyworkforyou.com/mp/10828/jon_cruddas/dagenham_and_rainham
John,Cryer,Labour,Leyton and Wanstead,http://www.theyworkforyou.com/mp/10143/john_cryer/leyton_and_wanstead
Alex,Cunningham,Labour,Stockton North,http://www.theyworkforyou.com/mp/24742/alex_cunningham/stockton_north
Jim,Cunningham,Labour,Coventry South,http://www.theyworkforyou.com/mp/10147/jim_cunningham/coventry_south
Tony,Cunningham,Labour,Workington,http://www.theyworkforyou.com/mp/10834/tony_cunningham/workington
Margaret,Curran,Labour,Glasgow East,http://www.theyworkforyou.com/mp/24734/margaret_curran/glasgow_east
Nicholas,Dakin,Labour,Scunthorpe,http://www.theyworkforyou.com/mp/24798/nicholas_dakin/scunthorpe
Simon,Danczuk,Labour,Rochdale,http://www.theyworkforyou.com/mp/24808/simon_danczuk/rochdale
Alistair,Darling,Labour,Edinburgh South West,http://www.theyworkforyou.com/mp/10153/alistair_darling/edinburgh_south_west
Edward,Davey,Liberal Democrat,Kingston and Surbiton,http://www.theyworkforyou.com/mp/10155/edward_davey/kingston_and_surbiton
Wayne,David,Labour,Caerphilly,http://www.theyworkforyou.com/mp/10842/wayne_david/caerphilly
Ian,Davidson,Labour,Glasgow South West,http://www.theyworkforyou.com/mp/10157/ian_davidson/glasgow_south_west
David,Davies,Conservative,Monmouth,http://www.theyworkforyou.com/mp/11719/david_davies/monmouth
Geraint,Davies,Labour,Swansea West,http://www.theyworkforyou.com/mp/10159/geraint_davies/swansea_west
Glyn,Davies,Conservative,Montgomeryshire,http://www.theyworkforyou.com/mp/24739/glyn_davies/montgomeryshire
Philip,Davies,Conservative,Shipley,http://www.theyworkforyou.com/mp/11816/philip_davies/shipley
David,Davis,Conservative,Haltemprice and Howden,http://www.theyworkforyou.com/mp/10162/david_davis/haltemprice_and_howden
Nick,de Bois,Conservative,Enfield North,http://www.theyworkforyou.com/mp/24859/nick_de_bois/enfield_north
Gloria,De Piero,Labour,Ashfield,http://www.theyworkforyou.com/mp/24811/gloria_de_piero/ashfield
John,Denham,Labour,"Southampton, Itchen",http://www.theyworkforyou.com/mp/10167/john_denham/southampton%2C_itchen
Caroline,Dinenage,Conservative,Gosport,http://www.theyworkforyou.com/mp/24873/caroline_dinenage/gosport
Jonathan,Djanogly,Conservative,Huntingdon,http://www.theyworkforyou.com/mp/10854/jonathan_djanogly/huntingdon
Frank,Dobson,Labour,Holborn and St Pancras,http://www.theyworkforyou.com/mp/10171/frank_dobson/holborn_and_st_pancras
Thomas,Docherty,Labour,Dunfermline and West Fife,http://www.theyworkforyou.com/mp/24730/thomas_docherty/dunfermline_and_west_fife
Nigel,Dodds,DUP,Belfast North,http://www.theyworkforyou.com/mp/10857/nigel_dodds/belfast_north
Pat,Doherty,Sinn Fein,West Tyrone,http://www.theyworkforyou.com/mp/10858/pat_doherty/west_tyrone
Jeffrey M,Donaldson,DUP,Lagan Valley,http://www.theyworkforyou.com/mp/10172/jeffrey_m_donaldson/lagan_valley
Brian H,Donohoe,Labour,Central Ayrshire,http://www.theyworkforyou.com/mp/10173/brian_h_donohoe/central_ayrshire
Frank,Doran,Labour,Aberdeen North,http://www.theyworkforyou.com/mp/10174/frank_doran/aberdeen_north
Stephen,Dorrell,Conservative,Charnwood,http://www.theyworkforyou.com/mp/10175/stephen_dorrell/charnwood
Nadine,Dorries,Conservative,Mid Bedfordshire,http://www.theyworkforyou.com/mp/11397/nadine_dorries/mid_bedfordshire
Stephen,Doughty,Labour,Cardiff South and Penarth,http://www.theyworkforyou.com/mp/25166/stephen_doughty/cardiff_south_and_penarth
Jim,Dowd,Labour,Lewisham West and Penge,http://www.theyworkforyou.com/mp/10176/jim_dowd/lewisham_west_and_penge
Gemma,Doyle,Labour,West Dunbartonshire,http://www.theyworkforyou.com/mp/24918/gemma_doyle/west_dunbartonshire
Jackie,Doyle-Price,Conservative,Thurrock,http://www.theyworkforyou.com/mp/24957/jackie_doyle-price/thurrock
Richard,Drax,Conservative,South Dorset,http://www.theyworkforyou.com/mp/24903/richard_drax/south_dorset
Jack,Dromey,Labour,"Birmingham, Erdington",http://www.theyworkforyou.com/mp/24825/jack_dromey/birmingham%2C_erdington
James,Duddridge,Conservative,Rochford and Southend East,http://www.theyworkforyou.com/mp/11785/james_duddridge/rochford_and_southend_east
Michael,Dugher,Labour,Barnsley East,http://www.theyworkforyou.com/mp/24762/michael_dugher/barnsley_east
Alan,Duncan,Conservative,Rutland and Melton,http://www.theyworkforyou.com/mp/10179/alan_duncan/rutland_and_melton
Iain,Duncan Smith,Conservative,Chingford and Woodford Green,http://www.theyworkforyou.com/mp/10180/iain_duncan_smith/chingford_and_woodford_green
Philip,Dunne,Conservative,Ludlow,http://www.theyworkforyou.com/mp/11696/philip_dunne/ludlow
Mark,Durkan,Social Democratic and Labour Party,Foyle,http://www.theyworkforyou.com/mp/11589/mark_durkan/foyle
Angela,Eagle,Labour,Wallasey,http://www.theyworkforyou.com/mp/10182/angela_eagle/wallasey
Maria,Eagle,Labour,Garston and Halewood,http://www.theyworkforyou.com/mp/10183/maria_eagle/garston_and_halewood
Jonathan,Edwards,Plaid Cymru,Carmarthen East and Dinefwr,http://www.theyworkforyou.com/mp/24743/jonathan_edwards/carmarthen_east_and_dinefwr
Clive,Efford,Labour,Eltham,http://www.theyworkforyou.com/mp/10185/clive_efford/eltham
Julie,Elliott,Labour,Sunderland Central,http://www.theyworkforyou.com/mp/24710/julie_elliott/sunderland_central
Michael,Ellis,Conservative,Northampton North,http://www.theyworkforyou.com/mp/24866/michael_ellis/northampton_north
Jane,Ellison,Conservative,Battersea,http://www.theyworkforyou.com/mp/24719/jane_ellison/battersea
Louise,Ellman,Labour,"Liverpool, Riverside",http://www.theyworkforyou.com/mp/10186/louise_ellman/liverpool%2C_riverside
Tobias,Ellwood,Conservative,Bournemouth East,http://www.theyworkforyou.com/mp/11437/tobias_ellwood/bournemouth_east
Charlie,Elphicke,Conservative,Dover,http://www.theyworkforyou.com/mp/24777/charlie_elphicke/dover
Natascha,Engel,Labour,North East Derbyshire,http://www.theyworkforyou.com/mp/11534/natascha_engel/north_east_derbyshire
Bill,Esterson,Labour,Sefton Central,http://www.theyworkforyou.com/mp/24905/bill_esterson/sefton_central
George,Eustice,Conservative,Camborne and Redruth,http://www.theyworkforyou.com/mp/24933/george_eustice/camborne_and_redruth
Chris,Evans,Labour,Islwyn,http://www.theyworkforyou.com/mp/24721/chris_evans/islwyn
Graham,Evans,Conservative,Weaver Vale,http://www.theyworkforyou.com/mp/24883/graham_evans/weaver_vale
Jonathan,Evans,Conservative,Cardiff North,http://www.theyworkforyou.com/mp/22650/jonathan_evans/cardiff_north
Nigel,Evans,Conservative,Ribble Valley,http://www.theyworkforyou.com/mp/10190/nigel_evans/ribble_valley
David,Evennett,Conservative,Bexleyheath and Crayford,http://www.theyworkforyou.com/mp/11408/david_evennett/bexleyheath_and_crayford
Michael,Fabricant,Conservative,Lichfield,http://www.theyworkforyou.com/mp/10193/michael_fabricant/lichfield
Michael,Fallon,Conservative,Sevenoaks,http://www.theyworkforyou.com/mp/10194/michael_fallon/sevenoaks
Paul,Farrelly,Labour,Newcastle-under-Lyme,http://www.theyworkforyou.com/mp/10882/paul_farrelly/newcastle-under-lyme
Tim,Farron,Liberal Democrat,Westmorland and Lonsdale,http://www.theyworkforyou.com/mp/11923/tim_farron/westmorland_and_lonsdale
Lynne,Featherstone,Liberal Democrat,Hornsey and Wood Green,http://www.theyworkforyou.com/mp/11641/lynne_featherstone/hornsey_and_wood_green
Frank,Field,Labour,Birkenhead,http://www.theyworkforyou.com/mp/10197/frank_field/birkenhead
Mark,Field,Conservative,Cities of London and Westminster,http://www.theyworkforyou.com/mp/10884/mark_field/cities_of_london_and_westminster
Jim,Fitzpatrick,Labour,Poplar and Limehouse,http://www.theyworkforyou.com/mp/10199/jim_fitzpatrick/poplar_and_limehouse
Robert,Flello,Labour,Stoke-on-Trent South,http://www.theyworkforyou.com/mp/11843/robert_flello/stoke-on-trent_south
Caroline,Flint,Labour,Don Valley,http://www.theyworkforyou.com/mp/10202/caroline_flint/don_valley
Paul,Flynn,Labour,Newport West,http://www.theyworkforyou.com/mp/10203/paul_flynn/newport_west
Don,Foster,Liberal Democrat,Bath,http://www.theyworkforyou.com/mp/10208/don_foster/bath
Yvonne,Fovargue,Labour,Makerfield,http://www.theyworkforyou.com/mp/24805/yvonne_fovargue/makerfield
Liam,Fox,Conservative,North Somerset,http://www.theyworkforyou.com/mp/10213/liam_fox/north_somerset
Hywel,Francis,Labour,Aberavon,http://www.theyworkforyou.com/mp/10900/hywel_francis/aberavon
Mark,Francois,Conservative,Rayleigh and Wickford,http://www.theyworkforyou.com/mp/10901/mark_francois/rayleigh_and_wickford
George,Freeman,Conservative,Mid Norfolk,http://www.theyworkforyou.com/mp/24817/george_freeman/mid_norfolk
Mike,Freer,Conservative,Finchley and Golders Green,http://www.theyworkforyou.com/mp/24934/mike_freer/finchley_and_golders_green
Lorraine,Fullbrook,Conservative,South Ribble,http://www.theyworkforyou.com/mp/24801/lorraine_fullbrook/south_ribble
Richard,Fuller,Conservative,Bedford,http://www.theyworkforyou.com/mp/24787/richard_fuller/bedford
Roger,Gale,Conservative,North Thanet,http://www.theyworkforyou.com/mp/10217/roger_gale/north_thanet
George,Galloway,Respect,Bradford West,http://www.theyworkforyou.com/mp/10218/george_galloway/bradford_west
Mike,Gapes,Labour,Ilford South,http://www.theyworkforyou.com/mp/10219/mike_gapes/ilford_south
Barry,Gardiner,Labour,Brent North,http://www.theyworkforyou.com/mp/10220/barry_gardiner/brent_north
Edward,Garnier,Conservative,Harborough,http://www.theyworkforyou.com/mp/10221/edward_garnier/harborough
Mark,Garnier,Conservative,Wyre Forest,http://www.theyworkforyou.com/mp/24824/mark_garnier/wyre_forest
David,Gauke,Conservative,South West Hertfordshire,http://www.theyworkforyou.com/mp/11633/david_gauke/south_west_hertfordshire
Andrew,George,Liberal Democrat,St Ives,http://www.theyworkforyou.com/mp/10222/andrew_george/st_ives
Nick,Gibb,Conservative,Bognor Regis and Littlehampton,http://www.theyworkforyou.com/mp/10225/nick_gibb/bognor_regis_and_littlehampton
Stephen,Gilbert,Liberal Democrat,St Austell and Newquay,http://www.theyworkforyou.com/mp/24928/stephen_gilbert/st_austell_and_newquay
Michelle,Gildernew,Sinn Fein,Fermanagh and South Tyrone,http://www.theyworkforyou.com/mp/10913/michelle_gildernew/fermanagh_and_south_tyrone
Cheryl,Gillan,Conservative,Chesham and Amersham,http://www.theyworkforyou.com/mp/10228/cheryl_gillan/chesham_and_amersham
Sheila,Gilmore,Labour,Edinburgh East,http://www.theyworkforyou.com/mp/24763/sheila_gilmore/edinburgh_east
Pat,Glass,Labour,North West Durham,http://www.theyworkforyou.com/mp/24917/pat_glass/north_west_durham
John,Glen,Conservative,Salisbury,http://www.theyworkforyou.com/mp/24839/john_glen/salisbury
Mary,Glindon,Labour,North Tyneside,http://www.theyworkforyou.com/mp/24927/mary_glindon/north_tyneside
Roger,Godsiff,Labour,"Birmingham, Hall Green",http://www.theyworkforyou.com/mp/10231/roger_godsiff/birmingham%2C_hall_green
Zac,Goldsmith,Conservative,Richmond Park,http://www.theyworkforyou.com/mp/24911/zac_goldsmith/richmond_park
Helen,Goodman,Labour,Bishop Auckland,http://www.theyworkforyou.com/mp/11421/helen_goodman/bishop_auckland
Robert,Goodwill,Conservative,Scarborough and Whitby,http://www.theyworkforyou.com/mp/11804/robert_goodwill/scarborough_and_whitby
Michael,Gove,Conservative,Surrey Heath,http://www.theyworkforyou.com/mp/11858/michael_gove/surrey_heath
Richard,Graham,Conservative,Gloucester,http://www.theyworkforyou.com/mp/24921/richard_graham/gloucester
Helen,Grant,Conservative,Maidstone and The Weald,http://www.theyworkforyou.com/mp/24796/helen_grant/maidstone_and_the_weald
James,Gray,Conservative,North Wiltshire,http://www.theyworkforyou.com/mp/10240/james_gray/north_wiltshire
Chris,Grayling,Conservative,Epsom and Ewell,http://www.theyworkforyou.com/mp/10920/chris_grayling/epsom_and_ewell
Tom,Greatrex,Labour,Rutherglen and Hamilton West,http://www.theyworkforyou.com/mp/24714/tom_greatrex/rutherglen_and_hamilton_west
Damian,Green,Conservative,Ashford,http://www.theyworkforyou.com/mp/10241/damian_green/ashford
Kate,Green,Labour,Stretford and Urmston,http://www.theyworkforyou.com/mp/24896/kate_green/stretford_and_urmston
Justine,Greening,Conservative,Putney,http://www.theyworkforyou.com/mp/11771/justine_greening/putney
Lilian,Greenwood,Labour,Nottingham South,http://www.theyworkforyou.com/mp/24774/lilian_greenwood/nottingham_south
Dominic,Grieve,Conservative,Beaconsfield,http://www.theyworkforyou.com/mp/10243/dominic_grieve/beaconsfield
Nia,Griffith,Labour,Llanelli,http://www.theyworkforyou.com/mp/11692/nia_griffith/llanelli
Andrew,Griffiths,Conservative,Burton,http://www.theyworkforyou.com/mp/24826/andrew_griffiths/burton
Ben,Gummer,Conservative,Ipswich,http://www.theyworkforyou.com/mp/24922/ben_gummer/ipswich
Andrew,Gwynne,Labour,Denton and Reddish,http://www.theyworkforyou.com/mp/11531/andrew_gwynne/denton_and_reddish
Sam,Gyimah,Conservative,East Surrey,http://www.theyworkforyou.com/mp/24789/sam_gyimah/east_surrey
William,Hague,Conservative,Richmond (Yorks),http://www.theyworkforyou.com/mp/10251/william_hague/richmond_%28yorks%29
Peter,Hain,Labour,Neath,http://www.theyworkforyou.com/mp/10252/peter_hain/neath
Robert,Halfon,Conservative,Harlow,http://www.theyworkforyou.com/mp/24784/robert_halfon/harlow
Duncan,Hames,Liberal Democrat,Chippenham,http://www.theyworkforyou.com/mp/24865/duncan_hames/chippenham
David,Hamilton,Labour,Midlothian,http://www.theyworkforyou.com/mp/10934/david_hamilton/midlothian
Fabian,Hamilton,Labour,Leeds North East,http://www.theyworkforyou.com/mp/10256/fabian_hamilton/leeds_north_east
Philip,Hammond,Conservative,Runnymede and Weybridge,http://www.theyworkforyou.com/mp/10257/philip_hammond/runnymede_and_weybridge
Stephen,Hammond,Conservative,Wimbledon,http://www.theyworkforyou.com/mp/11927/stephen_hammond/wimbledon
Matthew,Hancock,Conservative,West Suffolk,http://www.theyworkforyou.com/mp/24773/matthew_hancock/west_suffolk
Mike,Hancock,Liberal Democrat,Portsmouth South,http://www.theyworkforyou.com/mp/10258/mike_hancock/portsmouth_south
Greg,Hands,Conservative,Chelsea and Fulham,http://www.theyworkforyou.com/mp/11610/greg_hands/chelsea_and_fulham
David,Hanson,Labour,Delyn,http://www.theyworkforyou.com/mp/10259/david_hanson/delyn
Harriet,Harman,Labour,Camberwell and Peckham,http://www.theyworkforyou.com/mp/10260/harriet_harman/camberwell_and_peckham
Mark,Harper,Conservative,Forest of Dean,http://www.theyworkforyou.com/mp/11588/mark_harper/forest_of_dean
Richard,Harrington,Conservative,Watford,http://www.theyworkforyou.com/mp/24954/richard_harrington/watford
Rebecca,Harris,Conservative,Castle Point,http://www.theyworkforyou.com/mp/24731/rebecca_harris/castle_point
Tom,Harris,Labour,Glasgow South,http://www.theyworkforyou.com/mp/10941/tom_harris/glasgow_south
Simon,Hart,Conservative,Carmarthen West and South Pembrokeshire,http://www.theyworkforyou.com/mp/24813/simon_hart/carmarthen_west_and_south_pembrokeshire
Nick,Harvey,Liberal Democrat,North Devon,http://www.theyworkforyou.com/mp/10262/nick_harvey/north_devon
Alan,Haselhurst,Conservative,Saffron Walden,http://www.theyworkforyou.com/mp/10263/alan_haselhurst/saffron_walden
Dai,Havard,Labour,Merthyr Tydfil and Rhymney,http://www.theyworkforyou.com/mp/10944/dai_havard/merthyr_tydfil_and_rhymney
John,Hayes,Conservative,South Holland and The Deepings,http://www.theyworkforyou.com/mp/10265/john_hayes/south_holland_and_the_deepings
Oliver,Heald,Conservative,North East Hertfordshire,http://www.theyworkforyou.com/mp/10267/oliver_heald/north_east_hertfordshire
John,Healey,Labour,Wentworth and Dearne,http://www.theyworkforyou.com/mp/10268/john_healey/wentworth_and_dearne
David,Heath,Liberal Democrat,Somerton and Frome,http://www.theyworkforyou.com/mp/10269/david_heath/somerton_and_frome
Chris,Heaton-Harris,Conservative,Daventry,http://www.theyworkforyou.com/mp/24841/chris_heaton-harris/daventry
John,Hemming,Liberal Democrat,"Birmingham, Yardley",http://www.theyworkforyou.com/mp/11420/john_hemming/birmingham%2C_yardley
Gordon,Henderson,Conservative,Sittingbourne and Sheppey,http://www.theyworkforyou.com/mp/24828/gordon_henderson/sittingbourne_and_sheppey
Mark,Hendrick,Labour,Preston,http://www.theyworkforyou.com/mp/10682/mark_hendrick/preston
Charles,Hendry,Conservative,Wealden,http://www.theyworkforyou.com/mp/10955/charles_hendry/wealden
Stephen,Hepburn,Labour,Jarrow,http://www.theyworkforyou.com/mp/10274/stephen_hepburn/jarrow
Nick,Herbert,Conservative,Arundel and South Downs,http://www.theyworkforyou.com/mp/11377/nick_herbert/arundel_and_south_downs
Lady,Hermon,Independent,North Down,http://www.theyworkforyou.com/mp/10958/lady_hermon/north_down
David,Heyes,Labour,Ashton-under-Lyne,http://www.theyworkforyou.com/mp/10961/david_heyes/ashton-under-lyne
Meg,Hillier,Labour,Hackney South and Shoreditch,http://www.theyworkforyou.com/mp/11605/meg_hillier/hackney_south_and_shoreditch
Julie,Hilling,Labour,Bolton West,http://www.theyworkforyou.com/mp/24881/julie_hilling/bolton_west
Damian,Hinds,Conservative,East Hampshire,http://www.theyworkforyou.com/mp/24782/damian_hinds/east_hampshire
Mark,Hoban,Conservative,Fareham,http://www.theyworkforyou.com/mp/10964/mark_hoban/fareham
Margaret,Hodge,Labour,Barking,http://www.theyworkforyou.com/mp/10281/margaret_hodge/barking
Sharon,Hodgson,Labour,Washington and Sunderland West,http://www.theyworkforyou.com/mp/11592/sharon_hodgson/washington_and_sunderland_west
Kate,Hoey,Labour,Vauxhall,http://www.theyworkforyou.com/mp/10282/kate_hoey/vauxhall
George,Hollingbery,Conservative,Meon Valley,http://www.theyworkforyou.com/mp/24936/george_hollingbery/meon_valley
Philip,Hollobone,Conservative,Kettering,http://www.theyworkforyou.com/mp/11661/philip_hollobone/kettering
Adam,Holloway,Conservative,Gravesham,http://www.theyworkforyou.com/mp/11599/adam_holloway/gravesham
Jimmy,Hood,Labour,Lanark and Hamilton East,http://www.theyworkforyou.com/mp/10285/jimmy_hood/lanark_and_hamilton_east
Kelvin,Hopkins,Labour,Luton North,http://www.theyworkforyou.com/mp/10288/kelvin_hopkins/luton_north
Kris,Hopkins,Conservative,Keighley,http://www.theyworkforyou.com/mp/24923/kris_hopkins/keighley
Martin,Horwood,Liberal Democrat,Cheltenham,http://www.theyworkforyou.com/mp/11494/martin_horwood/cheltenham
Stewart,Hosie,Scottish National Party,Dundee East,http://www.theyworkforyou.com/mp/11973/stewart_hosie/dundee_east
George,Howarth,Labour,Knowsley,http://www.theyworkforyou.com/mp/10292/george_howarth/knowsley
Gerald,Howarth,Conservative,Aldershot,http://www.theyworkforyou.com/mp/10293/gerald_howarth/aldershot
John,Howell,Conservative,Henley,http://www.theyworkforyou.com/mp/14131/john_howell/henley
Lindsay,Hoyle,Labour,Chorley,http://www.theyworkforyou.com/mp/10295/lindsay_hoyle/chorley
Simon,Hughes,Liberal Democrat,Bermondsey and Old Southwark,http://www.theyworkforyou.com/mp/10298/simon_hughes/bermondsey_and_old_southwark
Jeremy,Hunt,Conservative,South West Surrey,http://www.theyworkforyou.com/mp/11859/jeremy_hunt/south_west_surrey
Tristram,Hunt,Labour,Stoke-on-Trent Central,http://www.theyworkforyou.com/mp/24850/tristram_hunt/stoke-on-trent_central
Mark,Hunter,Liberal Democrat,Cheadle,http://www.theyworkforyou.com/mp/12016/mark_hunter/cheadle
Julian,Huppert,Liberal Democrat,Cambridge,http://www.theyworkforyou.com/mp/24892/julian_huppert/cambridge
Nick,Hurd,Conservative,"Ruislip, Northwood and Pinner",http://www.theyworkforyou.com/mp/11792/nick_hurd/ruislip%2C_northwood_and_pinner
Huw,Irranca-Davies,Labour,Ogmore,http://www.theyworkforyou.com/mp/11347/huw_irranca-davies/ogmore
Glenda,Jackson,Labour,Hampstead and Kilburn,http://www.theyworkforyou.com/mp/10308/glenda_jackson/hampstead_and_kilburn
Stewart,Jackson,Conservative,Peterborough,http://www.theyworkforyou.com/mp/11759/stewart_jackson/peterborough
Margot,James,Conservative,Stourbridge,http://www.theyworkforyou.com/mp/24876/margot_james/stourbridge
Si�n,James,Labour,Swansea East,http://www.theyworkforyou.com/mp/11863/sian_james/swansea_east
Cathy,Jamieson,Labour,Kilmarnock and Loudoun,http://www.theyworkforyou.com/mp/24726/cathy_jamieson/kilmarnock_and_loudoun
Dan,Jarvis,Labour,Barnsley Central,http://www.theyworkforyou.com/mp/25067/dan_jarvis/barnsley_central
Sajid,Javid,Conservative,Bromsgrove,http://www.theyworkforyou.com/mp/24854/sajid_javid/bromsgrove
Bernard,Jenkin,Conservative,Harwich and North Essex,http://www.theyworkforyou.com/mp/10312/bernard_jenkin/harwich_and_north_essex
Robert,Jenrick,Conservative,Newark,http://www.theyworkforyou.com/mp/25227/robert_jenrick/newark
Alan,Johnson,Labour,Kingston upon Hull West and Hessle,http://www.theyworkforyou.com/mp/10314/alan_johnson/kingston_upon_hull_west_and_hessle
Diana,Johnson,Labour,Kingston upon Hull North,http://www.theyworkforyou.com/mp/11647/diana_johnson/kingston_upon_hull_north
Gareth,Johnson,Conservative,Dartford,http://www.theyworkforyou.com/mp/24803/gareth_johnson/dartford
Jo,Johnson,Conservative,Orpington,http://www.theyworkforyou.com/mp/24895/jo_johnson/orpington
Andrew,Jones,Conservative,Harrogate and Knaresborough,http://www.theyworkforyou.com/mp/24758/andrew_jones/harrogate_and_knaresborough
David,Jones,Conservative,Clwyd West,http://www.theyworkforyou.com/mp/11506/david_jones/clwyd_west
Graham,Jones,Labour,Hyndburn,http://www.theyworkforyou.com/mp/24835/graham_jones/hyndburn
Helen,Jones,Labour,Warrington North,http://www.theyworkforyou.com/mp/10319/helen_jones/warrington_north
Kevan,Jones,Labour,North Durham,http://www.theyworkforyou.com/mp/11003/kevan_jones/north_durham
Marcus,Jones,Conservative,Nuneaton,http://www.theyworkforyou.com/mp/24745/marcus_jones/nuneaton
Susan Elan,Jones,Labour,Clwyd South,http://www.theyworkforyou.com/mp/24720/susan_elan_jones/clwyd_south
Tessa,Jowell,Labour,Dulwich and West Norwood,http://www.theyworkforyou.com/mp/10326/tessa_jowell/dulwich_and_west_norwood
Eric,Joyce,Labour,Falkirk,http://www.theyworkforyou.com/mp/10685/eric_joyce/falkirk
Mike,Kane,Labour,Wythenshawe and Sale East,http://www.theyworkforyou.com/mp/25220/mike_kane/wythenshawe_and_sale_east
Gerald,Kaufman,Labour,"Manchester, Gorton",http://www.theyworkforyou.com/mp/10327/gerald_kaufman/manchester%2C_gorton
Daniel,Kawczynski,Conservative,Shrewsbury and Atcham,http://www.theyworkforyou.com/mp/11817/daniel_kawczynski/shrewsbury_and_atcham
Barbara,Keeley,Labour,Worsley and Eccles South,http://www.theyworkforyou.com/mp/11943/barbara_keeley/worsley_and_eccles_south
Chris,Kelly,Conservative,Dudley South,http://www.theyworkforyou.com/mp/24838/chris_kelly/dudley_south
Liz,Kendall,Labour,Leicester West,http://www.theyworkforyou.com/mp/24816/liz_kendall/leicester_west
Charles,Kennedy,Liberal Democrat,"Ross, Skye and Lochaber",http://www.theyworkforyou.com/mp/10334/charles_kennedy/ross%2C_skye_and_lochaber
Sadiq,Khan,Labour,Tooting,http://www.theyworkforyou.com/mp/11878/sadiq_khan/tooting
Simon,Kirby,Conservative,"Brighton, Kemptown",http://www.theyworkforyou.com/mp/24900/simon_kirby/brighton%2C_kemptown
Greg,Knight,Conservative,East Yorkshire,http://www.theyworkforyou.com/mp/11026/greg_knight/east_yorkshire
Kwasi,Kwarteng,Conservative,Spelthorne,http://www.theyworkforyou.com/mp/24770/kwasi_kwarteng/spelthorne
Eleanor,Laing,Conservative,Epping Forest,http://www.theyworkforyou.com/mp/10348/eleanor_laing/epping_forest
Norman,Lamb,Liberal Democrat,North Norfolk,http://www.theyworkforyou.com/mp/11032/norman_lamb/north_norfolk
David,Lammy,Labour,Tottenham,http://www.theyworkforyou.com/mp/10678/david_lammy/tottenham
Mark,Lancaster,Conservative,Milton Keynes North,http://www.theyworkforyou.com/mp/11715/mark_lancaster/milton_keynes_north
Andrew,Lansley,Conservative,South Cambridgeshire,http://www.theyworkforyou.com/mp/10349/andrew_lansley/south_cambridgeshire
Pauline,Latham,Conservative,Mid Derbyshire,http://www.theyworkforyou.com/mp/24821/pauline_latham/mid_derbyshire
Ian,Lavery,Labour,Wansbeck,http://www.theyworkforyou.com/mp/24963/ian_lavery/wansbeck
David,Laws,Liberal Democrat,Yeovil,http://www.theyworkforyou.com/mp/11036/david_laws/yeovil
Mark,Lazarowicz,Labour,Edinburgh North and Leith,http://www.theyworkforyou.com/mp/11038/mark_lazarowicz/edinburgh_north_and_leith
Andrea,Leadsom,Conservative,South Northamptonshire,http://www.theyworkforyou.com/mp/24829/andrea_leadsom/south_northamptonshire
Jessica,Lee,Conservative,Erewash,http://www.theyworkforyou.com/mp/24757/jessica_lee/erewash
Phillip,Lee,Conservative,Bracknell,http://www.theyworkforyou.com/mp/24765/phillip_lee/bracknell
John,Leech,Liberal Democrat,"Manchester, Withington",http://www.theyworkforyou.com/mp/11707/john_leech/manchester%2C_withington
Jeremy,Lefroy,Conservative,Stafford,http://www.theyworkforyou.com/mp/24760/jeremy_lefroy/stafford
Edward,Leigh,Conservative,Gainsborough,http://www.theyworkforyou.com/mp/10352/edward_leigh/gainsborough
Charlotte,Leslie,Conservative,Bristol North West,http://www.theyworkforyou.com/mp/24891/charlotte_leslie/bristol_north_west
Christopher,Leslie,Labour,Nottingham East,http://www.theyworkforyou.com/mp/10354/christopher_leslie/nottingham_east
Oliver,Letwin,Conservative,West Dorset,http://www.theyworkforyou.com/mp/10355/oliver_letwin/west_dorset
Emma,Lewell-Buck,Labour,South Shields,http://www.theyworkforyou.com/mp/25181/emma_lewell-buck/south_shields
Brandon,Lewis,Conservative,Great Yarmouth,http://www.theyworkforyou.com/mp/24879/brandon_lewis/great_yarmouth
Ivan,Lewis,Labour,Bury South,http://www.theyworkforyou.com/mp/10357/ivan_lewis/bury_south
Julian,Lewis,Conservative,New Forest East,http://www.theyworkforyou.com/mp/10358/julian_lewis/new_forest_east
Ian,Liddell-Grainger,Conservative,Bridgwater and West Somerset,http://www.theyworkforyou.com/mp/11048/ian_liddell-grainger/bridgwater_and_west_somerset
David,Lidington,Conservative,Aylesbury,http://www.theyworkforyou.com/mp/10361/david_lidington/aylesbury
Peter,Lilley,Conservative,Hitchin and Harpenden,http://www.theyworkforyou.com/mp/10362/peter_lilley/hitchin_and_harpenden
Stephen,Lloyd,Liberal Democrat,Eastbourne,http://www.theyworkforyou.com/mp/24754/stephen_lloyd/eastbourne
Elfyn,Llwyd,Plaid Cymru,Dwyfor Meirionnydd,http://www.theyworkforyou.com/mp/10368/elfyn_llwyd/dwyfor_meirionnydd
Naomi,Long,Alliance,Belfast East,http://www.theyworkforyou.com/mp/13814/naomi_long/belfast_east
Jack,Lopresti,Conservative,Filton and Bradley Stoke,http://www.theyworkforyou.com/mp/24716/jack_lopresti/filton_and_bradley_stoke
Jonathan,Lord,Conservative,Woking,http://www.theyworkforyou.com/mp/24884/jonathan_lord/woking
Tim,Loughton,Conservative,East Worthing and Shoreham,http://www.theyworkforyou.com/mp/10371/tim_loughton/east_worthing_and_shoreham
Andrew,Love,Labour,Edmonton,http://www.theyworkforyou.com/mp/10372/andrew_love/edmonton
Caroline,Lucas,Green,"Brighton, Pavilion",http://www.theyworkforyou.com/mp/24910/caroline_lucas/brighton%2C_pavilion
Ian,Lucas,Labour,Wrexham,http://www.theyworkforyou.com/mp/11057/ian_lucas/wrexham
Peter,Luff,Conservative,Mid Worcestershire,http://www.theyworkforyou.com/mp/10373/peter_luff/mid_worcestershire
Karen,Lumley,Conservative,Redditch,http://www.theyworkforyou.com/mp/24856/karen_lumley/redditch
Mary,Macleod,Conservative,Brentford and Isleworth,http://www.theyworkforyou.com/mp/24913/mary_macleod/brentford_and_isleworth
Angus,MacNeil,Scottish National Party,Na h-Eileanan an Iar,http://www.theyworkforyou.com/mp/12004/angus_macneil/na_h-eileanan_an_iar
Fiona,Mactaggart,Labour,Slough,http://www.theyworkforyou.com/mp/10402/fiona_mactaggart/slough
Khalid,Mahmood,Labour,"Birmingham, Perry Barr",http://www.theyworkforyou.com/mp/11087/khalid_mahmood/birmingham%2C_perry_barr
Shabana,Mahmood,Labour,"Birmingham, Ladywood",http://www.theyworkforyou.com/mp/24788/shabana_mahmood/birmingham%2C_ladywood
Anne,Main,Conservative,St Albans,http://www.theyworkforyou.com/mp/11798/anne_main/st_albans
Seema,Malhotra,Labour,Feltham and Heston,http://www.theyworkforyou.com/mp/25150/seema_malhotra/feltham_and_heston
John,Mann,Labour,Bassetlaw,http://www.theyworkforyou.com/mp/11093/john_mann/bassetlaw
Gordon,Marsden,Labour,Blackpool South,http://www.theyworkforyou.com/mp/10415/gordon_marsden/blackpool_south
Paul,Maskey,Sinn Fein,Belfast West,http://www.theyworkforyou.com/mp/13904/paul_maskey/belfast_west
Francis,Maude,Conservative,Horsham,http://www.theyworkforyou.com/mp/10423/francis_maude/horsham
Theresa,May,Conservative,Maidenhead,http://www.theyworkforyou.com/mp/10426/theresa_may/maidenhead
Paul,Maynard,Conservative,Blackpool North and Cleveleys,http://www.theyworkforyou.com/mp/24764/paul_maynard/blackpool_north_and_cleveleys
Stephen,McCabe,Labour,"Birmingham, Selly Oak",http://www.theyworkforyou.com/mp/10377/stephen_mccabe/birmingham%2C_selly_oak
Michael,McCann,Labour,"East Kilbride, Strathaven and Lesmahagow",http://www.theyworkforyou.com/mp/24717/michael_mccann/east_kilbride%2C_strathaven_and_lesmahagow
Kerry,McCarthy,Labour,Bristol East,http://www.theyworkforyou.com/mp/11455/kerry_mccarthy/bristol_east
Jason,McCartney,Conservative,Colne Valley,http://www.theyworkforyou.com/mp/24887/jason_mccartney/colne_valley
Karl,McCartney,Conservative,Lincoln,http://www.theyworkforyou.com/mp/24790/karl_mccartney/lincoln
Gregg,McClymont,Labour,"Cumbernauld, Kilsyth and Kirkintilloch East",http://www.theyworkforyou.com/mp/24733/gregg_mcclymont/cumbernauld%2C_kilsyth_and_kirkintilloch_east
William,McCrea,DUP,South Antrim,http://www.theyworkforyou.com/mp/10679/william_mccrea/south_antrim
Siobhain,McDonagh,Labour,Mitcham and Morden,http://www.theyworkforyou.com/mp/10381/siobhain_mcdonagh/mitcham_and_morden
Andrew,McDonald,Labour,Middlesbrough,http://www.theyworkforyou.com/mp/25169/andrew_mcdonald/middlesbrough
Alasdair,McDonnell,Social Democratic and Labour Party,Belfast South,http://www.theyworkforyou.com/mp/11402/alasdair_mcdonnell/belfast_south
John,McDonnell,Labour,Hayes and Harlington,http://www.theyworkforyou.com/mp/10383/john_mcdonnell/hayes_and_harlington
Pat,McFadden,Labour,Wolverhampton South East,http://www.theyworkforyou.com/mp/11936/pat_mcfadden/wolverhampton_south_east
Alison,McGovern,Labour,Wirral South,http://www.theyworkforyou.com/mp/24897/alison_mcgovern/wirral_south
Jim,McGovern,Labour,Dundee West,http://www.theyworkforyou.com/mp/11974/jim_mcgovern/dundee_west
Anne,McGuire,Labour,Stirling,http://www.theyworkforyou.com/mp/10388/anne_mcguire/stirling
Liz,McInnes,Labour,Heywood and Middleton,http://www.theyworkforyou.com/mp/25230/liz_mcinnes/heywood_and_middleton
Anne,McIntosh,Conservative,Thirsk and Malton,http://www.theyworkforyou.com/mp/10389/anne_mcintosh/thirsk_and_malton
Ann,McKechin,Labour,Glasgow North,http://www.theyworkforyou.com/mp/11076/ann_mckechin/glasgow_north
Iain,McKenzie,Labour,Inverclyde,http://www.theyworkforyou.com/mp/25145/iain_mckenzie/inverclyde
Catherine,McKinnell,Labour,Newcastle upon Tyne North,http://www.theyworkforyou.com/mp/24818/catherine_mckinnell/newcastle_upon_tyne_north
Patrick,McLoughlin,Conservative,Derbyshire Dales,http://www.theyworkforyou.com/mp/10397/patrick_mcloughlin/derbyshire_dales
Stephen,McPartland,Conservative,Stevenage,http://www.theyworkforyou.com/mp/24888/stephen_mcpartland/stevenage
Esther,McVey,Conservative,Wirral West,http://www.theyworkforyou.com/mp/24882/esther_mcvey/wirral_west
Michael,Meacher,Labour,Oldham West and Royton,http://www.theyworkforyou.com/mp/10427/michael_meacher/oldham_west_and_royton
Alan,Meale,Labour,Mansfield,http://www.theyworkforyou.com/mp/10428/alan_meale/mansfield
Ian,Mearns,Labour,Gateshead,http://www.theyworkforyou.com/mp/24919/ian_mearns/gateshead
Mark,Menzies,Conservative,Fylde,http://www.theyworkforyou.com/mp/24804/mark_menzies/fylde
Stephen,Metcalfe,Conservative,South Basildon and East Thurrock,http://www.theyworkforyou.com/mp/24749/stephen_metcalfe/south_basildon_and_east_thurrock
Edward,Miliband,Labour,Doncaster North,http://www.theyworkforyou.com/mp/11545/edward_miliband/doncaster_north
Andrew,Miller,Labour,Ellesmere Port and Neston,http://www.theyworkforyou.com/mp/10435/andrew_miller/ellesmere_port_and_neston
Maria,Miller,Conservative,Basingstoke,http://www.theyworkforyou.com/mp/11389/maria_miller/basingstoke
Nigel,Mills,Conservative,Amber Valley,http://www.theyworkforyou.com/mp/24965/nigel_mills/amber_valley
Anne,Milton,Conservative,Guildford,http://www.theyworkforyou.com/mp/11603/anne_milton/guildford
Andrew,Mitchell,Conservative,Sutton Coldfield,http://www.theyworkforyou.com/mp/11115/andrew_mitchell/sutton_coldfield
Austin,Mitchell,Labour,Great Grimsby,http://www.theyworkforyou.com/mp/10436/austin_mitchell/great_grimsby
Francie,Molloy,Sinn Fein,Mid Ulster,http://www.theyworkforyou.com/mp/13836/francie_molloy/mid_ulster
Madeleine,Moon,Labour,Bridgend,http://www.theyworkforyou.com/mp/11450/madeleine_moon/bridgend
Michael,Moore,Liberal Democrat,"Berwickshire, Roxburgh and Selkirk",http://www.theyworkforyou.com/mp/10439/michael_moore/berwickshire%2C_roxburgh_and_selkirk
Penny,Mordaunt,Conservative,Portsmouth North,http://www.theyworkforyou.com/mp/24938/penny_mordaunt/portsmouth_north
Jessica,Morden,Labour,Newport East,http://www.theyworkforyou.com/mp/11732/jessica_morden/newport_east
Nicky,Morgan,Conservative,Loughborough,http://www.theyworkforyou.com/mp/24732/nicky_morgan/loughborough
Graeme,Morrice,Labour,Livingston,http://www.theyworkforyou.com/mp/24735/graeme_morrice/livingston
Anne-Marie,Morris,Conservative,Newton Abbot,http://www.theyworkforyou.com/mp/24912/anne-marie_morris/newton_abbot
David,Morris,Conservative,Morecambe and Lunesdale,http://www.theyworkforyou.com/mp/24966/david_morris/morecambe_and_lunesdale
Grahame,Morris,Labour,Easington,http://www.theyworkforyou.com/mp/24715/grahame_morris/easington
James,Morris,Conservative,Halesowen and Rowley Regis,http://www.theyworkforyou.com/mp/24855/james_morris/halesowen_and_rowley_regis
Stephen,Mosley,Conservative,City of Chester,http://www.theyworkforyou.com/mp/24750/stephen_mosley/city_of_chester
David,Mowat,Conservative,Warrington South,http://www.theyworkforyou.com/mp/24932/david_mowat/warrington_south
George,Mudie,Labour,Leeds East,http://www.theyworkforyou.com/mp/10450/george_mudie/leeds_east
Greg,Mulholland,Liberal Democrat,Leeds North West,http://www.theyworkforyou.com/mp/11672/greg_mulholland/leeds_north_west
David,Mundell,Conservative,"Dumfriesshire, Clydesdale and Tweeddale",http://www.theyworkforyou.com/mp/11970/david_mundell/dumfriesshire%2C_clydesdale_and_tweeddale
Meg,Munn,Labour,"Sheffield, Heeley",http://www.theyworkforyou.com/mp/11128/meg_munn/sheffield%2C_heeley
Tessa,Munt,Liberal Democrat,Wells,http://www.theyworkforyou.com/mp/24942/tessa_munt/wells
Conor,Murphy,Sinn Fein,Newry and Armagh,http://www.theyworkforyou.com/mp/11734/conor_murphy/newry_and_armagh
Jim,Murphy,Labour,East Renfrewshire,http://www.theyworkforyou.com/mp/10453/jim_murphy/east_renfrewshire
Paul,Murphy,Labour,Torfaen,http://www.theyworkforyou.com/mp/10454/paul_murphy/torfaen
Ian,Murray,Labour,Edinburgh South,http://www.theyworkforyou.com/mp/24872/ian_murray/edinburgh_south
Sheryll,Murray,Conservative,South East Cornwall,http://www.theyworkforyou.com/mp/24875/sheryll_murray/south_east_cornwall
Andrew,Murrison,Conservative,South West Wiltshire,http://www.theyworkforyou.com/mp/11132/andrew_murrison/south_west_wiltshire
Lisa,Nandy,Labour,Wigan,http://www.theyworkforyou.com/mp/24831/lisa_nandy/wigan
Pamela,Nash,Labour,Airdrie and Shotts,http://www.theyworkforyou.com/mp/24737/pamela_nash/airdrie_and_shotts
Bob,Neill,Conservative,Bromley and Chislehurst,http://www.theyworkforyou.com/mp/13736/bob_neill/bromley_and_chislehurst
Brooks,Newmark,Conservative,Braintree,http://www.theyworkforyou.com/mp/11443/brooks_newmark/braintree
Sarah,Newton,Conservative,Truro and Falmouth,http://www.theyworkforyou.com/mp/24948/sarah_newton/truro_and_falmouth
Caroline,Nokes,Conservative,Romsey and Southampton North,http://www.theyworkforyou.com/mp/24809/caroline_nokes/romsey_and_southampton_north
Jesse,Norman,Conservative,Hereford and South Herefordshire,http://www.theyworkforyou.com/mp/24827/jesse_norman/hereford_and_south_herefordshire
David,Nuttall,Conservative,Bury North,http://www.theyworkforyou.com/mp/24877/david_nuttall/bury_north
Stephen,O'Brien,Conservative,Eddisbury,http://www.theyworkforyou.com/mp/10670/stephen_o%27brien/eddisbury
Fiona,O'Donnell,Labour,East Lothian,http://www.theyworkforyou.com/mp/24723/fiona_o%27donnell/east_lothian
Matthew,Offord,Conservative,Hendon,http://www.theyworkforyou.com/mp/24955/matthew_offord/hendon
Eric,Ollerenshaw,Conservative,Lancaster and Fleetwood,http://www.theyworkforyou.com/mp/24967/eric_ollerenshaw/lancaster_and_fleetwood
Chi,Onwurah,Labour,Newcastle upon Tyne Central,http://www.theyworkforyou.com/mp/24807/chi_onwurah/newcastle_upon_tyne_central
Guy,Opperman,Conservative,Hexham,http://www.theyworkforyou.com/mp/24962/guy_opperman/hexham
George,Osborne,Conservative,Tatton,http://www.theyworkforyou.com/mp/11145/george_osborne/tatton
Sandra,Osborne,Labour,"Ayr, Carrick and Cumnock",http://www.theyworkforyou.com/mp/10467/sandra_osborne/ayr%2C_carrick_and_cumnock
Richard,Ottaway,Conservative,Croydon South,http://www.theyworkforyou.com/mp/10468/richard_ottaway/croydon_south
Albert,Owen,Labour,Ynys M�n,http://www.theyworkforyou.com/mp/11148/albert_owen/ynys_mon
James,Paice,Conservative,South East Cambridgeshire,http://www.theyworkforyou.com/mp/10470/james_paice/south_east_cambridgeshire
Ian,Paisley Jnr,DUP,North Antrim,http://www.theyworkforyou.com/mp/13852/ian_paisley_jnr/north_antrim
Neil,Parish,Conservative,Tiverton and Honiton,http://www.theyworkforyou.com/mp/24779/neil_parish/tiverton_and_honiton
Priti,Patel,Conservative,Witham,http://www.theyworkforyou.com/mp/24778/priti_patel/witham
Owen,Paterson,Conservative,North Shropshire,http://www.theyworkforyou.com/mp/10473/owen_paterson/north_shropshire
Mark,Pawsey,Conservative,Rugby,http://www.theyworkforyou.com/mp/24880/mark_pawsey/rugby
Teresa,Pearce,Labour,Erith and Thamesmead,http://www.theyworkforyou.com/mp/24956/teresa_pearce/erith_and_thamesmead
Michael,Penning,Conservative,Hemel Hempstead,http://www.theyworkforyou.com/mp/11626/michael_penning/hemel_hempstead
John,Penrose,Conservative,Weston-Super-Mare,http://www.theyworkforyou.com/mp/11924/john_penrose/weston-super-mare
Andrew,Percy,Conservative,Brigg and Goole,http://www.theyworkforyou.com/mp/24832/andrew_percy/brigg_and_goole
Toby,Perkins,Labour,Chesterfield,http://www.theyworkforyou.com/mp/24845/toby_perkins/chesterfield
Claire,Perry,Conservative,Devizes,http://www.theyworkforyou.com/mp/24915/claire_perry/devizes
Stephen,Phillips,Conservative,Sleaford and North Hykeham,http://www.theyworkforyou.com/mp/24836/stephen_phillips/sleaford_and_north_hykeham
Bridget,Phillipson,Labour,Houghton and Sunderland South,http://www.theyworkforyou.com/mp/24709/bridget_phillipson/houghton_and_sunderland_south
Eric,Pickles,Conservative,Brentwood and Ongar,http://www.theyworkforyou.com/mp/10477/eric_pickles/brentwood_and_ongar
Christopher,Pincher,Conservative,Tamworth,http://www.theyworkforyou.com/mp/24747/christopher_pincher/tamworth
Daniel,Poulter,Conservative,Central Suffolk and North Ipswich,http://www.theyworkforyou.com/mp/24756/daniel_poulter/central_suffolk_and_north_ipswich
Stephen,Pound,Labour,Ealing North,http://www.theyworkforyou.com/mp/10484/stephen_pound/ealing_north
Lucy,Powell,Labour,Manchester Central,http://www.theyworkforyou.com/mp/25165/lucy_powell/manchester_central
Dawn,Primarolo,Labour,Bristol South,http://www.theyworkforyou.com/mp/10489/dawn_primarolo/bristol_south
Mark,Prisk,Conservative,Hertford and Stortford,http://www.theyworkforyou.com/mp/11172/mark_prisk/hertford_and_stortford
Mark,Pritchard,Conservative,The Wrekin,http://www.theyworkforyou.com/mp/11946/mark_pritchard/the_wrekin
John,Pugh,Liberal Democrat,Southport,http://www.theyworkforyou.com/mp/11174/john_pugh/southport
Yasmin,Qureshi,Labour,Bolton South East,http://www.theyworkforyou.com/mp/24775/yasmin_qureshi/bolton_south_east
Dominic,Raab,Conservative,Esher and Walton,http://www.theyworkforyou.com/mp/24815/dominic_raab/esher_and_walton
John,Randall,Conservative,Uxbridge and South Ruislip,http://www.theyworkforyou.com/mp/10660/john_randall/uxbridge_and_south_ruislip
Nick,Raynsford,Labour,Greenwich and Woolwich,http://www.theyworkforyou.com/mp/10498/nick_raynsford/greenwich_and_woolwich
Mark,Reckless,UKIP,Rochester and Strood,http://www.theyworkforyou.com/mp/24899/mark_reckless/rochester_and_strood
John,Redwood,Conservative,Wokingham,http://www.theyworkforyou.com/mp/10499/john_redwood/wokingham
Jamie,Reed,Labour,Copeland,http://www.theyworkforyou.com/mp/11511/jamie_reed/copeland
Steve,Reed,Labour,Croydon North,http://www.theyworkforyou.com/mp/25170/steve_reed/croydon_north
Jacob,Rees-Mogg,Conservative,North East Somerset,http://www.theyworkforyou.com/mp/24926/jacob_rees-mogg/north_east_somerset
Simon,Reevell,Conservative,Dewsbury,http://www.theyworkforyou.com/mp/24858/simon_reevell/dewsbury
Rachel,Reeves,Labour,Leeds West,http://www.theyworkforyou.com/mp/24851/rachel_reeves/leeds_west
Alan,Reid,Liberal Democrat,Argyll and Bute,http://www.theyworkforyou.com/mp/11185/alan_reid/argyll_and_bute
Emma,Reynolds,Labour,Wolverhampton North East,http://www.theyworkforyou.com/mp/24868/emma_reynolds/wolverhampton_north_east
Jonathan,Reynolds,Labour,Stalybridge and Hyde,http://www.theyworkforyou.com/mp/24929/jonathan_reynolds/stalybridge_and_hyde
Malcolm,Rifkind,Conservative,Kensington,http://www.theyworkforyou.com/mp/11660/malcolm_rifkind/kensington
Linda,Riordan,Labour,Halifax,http://www.theyworkforyou.com/mp/11607/linda_riordan/halifax
Margaret,Ritchie,Social Democratic and Labour Party,South Down,http://www.theyworkforyou.com/mp/13856/margaret_ritchie/south_down
Andrew,Robathan,Conservative,South Leicestershire,http://www.theyworkforyou.com/mp/10503/andrew_robathan/south_leicestershire
Angus,Robertson,Scottish National Party,Moray,http://www.theyworkforyou.com/mp/11189/angus_robertson/moray
Hugh,Robertson,Conservative,Faversham and Mid Kent,http://www.theyworkforyou.com/mp/11190/hugh_robertson/faversham_and_mid_kent
John,Robertson,Labour,Glasgow North West,http://www.theyworkforyou.com/mp/10684/john_robertson/glasgow_north_west
Laurence,Robertson,Conservative,Tewkesbury,http://www.theyworkforyou.com/mp/10505/laurence_robertson/tewkesbury
Geoffrey,Robinson,Labour,Coventry North West,http://www.theyworkforyou.com/mp/10506/geoffrey_robinson/coventry_north_west
Dan,Rogerson,Liberal Democrat,North Cornwall,http://www.theyworkforyou.com/mp/11513/dan_rogerson/north_cornwall
Andrew,Rosindell,Conservative,Romford,http://www.theyworkforyou.com/mp/11199/andrew_rosindell/romford
Steve,Rotheram,Labour,"Liverpool, Walton",http://www.theyworkforyou.com/mp/24935/steve_rotheram/liverpool%2C_walton
Frank,Roy,Labour,Motherwell and Wishaw,http://www.theyworkforyou.com/mp/10517/frank_roy/motherwell_and_wishaw
Lindsay,Roy,Labour,Glenrothes,http://www.theyworkforyou.com/mp/14142/lindsay_roy/glenrothes
Chris,Ruane,Labour,Vale of Clwyd,http://www.theyworkforyou.com/mp/10518/chris_ruane/vale_of_clwyd
Amber,Rudd,Conservative,Hastings and Rye,http://www.theyworkforyou.com/mp/24795/amber_rudd/hastings_and_rye
Joan,Ruddock,Labour,"Lewisham, Deptford",http://www.theyworkforyou.com/mp/10519/joan_ruddock/lewisham%2C_deptford
David,Ruffley,Conservative,Bury St Edmunds,http://www.theyworkforyou.com/mp/10520/david_ruffley/bury_st_edmunds
Bob,Russell,Liberal Democrat,Colchester,http://www.theyworkforyou.com/mp/10521/bob_russell/colchester
David,Rutley,Conservative,Macclesfield,http://www.theyworkforyou.com/mp/24820/david_rutley/macclesfield
Adrian,Sanders,Liberal Democrat,Torbay,http://www.theyworkforyou.com/mp/10527/adrian_sanders/torbay
Laura,Sandys,Conservative,South Thanet,http://www.theyworkforyou.com/mp/24792/laura_sandys/south_thanet
Anas,Sarwar,Labour,Glasgow Central,http://www.theyworkforyou.com/mp/24738/anas_sarwar/glasgow_central
Andy,Sawford,Labour,Corby,http://www.theyworkforyou.com/mp/25167/andy_sawford/corby
Lee,Scott,Conservative,Ilford North,http://www.theyworkforyou.com/mp/11651/lee_scott/ilford_north
Alison,Seabeck,Labour,"Plymouth, Moor View",http://www.theyworkforyou.com/mp/11760/alison_seabeck/plymouth%2C_moor_view
Andrew,Selous,Conservative,South West Bedfordshire,http://www.theyworkforyou.com/mp/11216/andrew_selous/south_west_bedfordshire
Jim,Shannon,DUP,Strangford,http://www.theyworkforyou.com/mp/13864/jim_shannon/strangford
Grant,Shapps,Conservative,Welwyn Hatfield,http://www.theyworkforyou.com/mp/11917/grant_shapps/welwyn_hatfield
Alok,Sharma,Conservative,Reading West,http://www.theyworkforyou.com/mp/24902/alok_sharma/reading_west
Virendra,Sharma,Labour,"Ealing, Southall",http://www.theyworkforyou.com/mp/13934/virendra_sharma/ealing%2C_southall
Barry,Sheerman,Labour,Huddersfield,http://www.theyworkforyou.com/mp/10534/barry_sheerman/huddersfield
Alec,Shelbrooke,Conservative,Elmet and Rothwell,http://www.theyworkforyou.com/mp/24893/alec_shelbrooke/elmet_and_rothwell
Richard,Shepherd,Conservative,Aldridge-Brownhills,http://www.theyworkforyou.com/mp/10537/richard_shepherd/aldridge-brownhills
Jim,Sheridan,Labour,Paisley and Renfrewshire North,http://www.theyworkforyou.com/mp/11221/jim_sheridan/paisley_and_renfrewshire_north
Gavin,Shuker,Labour,Luton South,http://www.theyworkforyou.com/mp/24847/gavin_shuker/luton_south
Mark,Simmonds,Conservative,Boston and Skegness,http://www.theyworkforyou.com/mp/11224/mark_simmonds/boston_and_skegness
David,Simpson,DUP,Upper Bann,http://www.theyworkforyou.com/mp/11892/david_simpson/upper_bann
Keith,Simpson,Conservative,Broadland,http://www.theyworkforyou.com/mp/10542/keith_simpson/broadland
Chris,Skidmore,Conservative,Kingswood,http://www.theyworkforyou.com/mp/24713/chris_skidmore/kingswood
Dennis,Skinner,Labour,Bolsover,http://www.theyworkforyou.com/mp/10544/dennis_skinner/bolsover
Andy,Slaughter,Labour,Hammersmith,http://www.theyworkforyou.com/mp/11559/andy_slaughter/hammersmith
Andrew,Smith,Labour,Oxford East,http://www.theyworkforyou.com/mp/10545/andrew_smith/oxford_east
Angela,Smith,Labour,Penistone and Stocksbridge,http://www.theyworkforyou.com/mp/11814/angela_smith/penistone_and_stocksbridge
Chloe,Smith,Conservative,Norwich North,http://www.theyworkforyou.com/mp/24691/chloe_smith/norwich_north
Henry,Smith,Conservative,Crawley,http://www.theyworkforyou.com/mp/24802/henry_smith/crawley
Julian,Smith,Conservative,Skipton and Ripon,http://www.theyworkforyou.com/mp/24961/julian_smith/skipton_and_ripon
Nick,Smith,Labour,Blaenau Gwent,http://www.theyworkforyou.com/mp/24728/nick_smith/blaenau_gwent
Owen,Smith,Labour,Pontypridd,http://www.theyworkforyou.com/mp/24797/owen_smith/pontypridd
Robert,Smith,Liberal Democrat,West Aberdeenshire and Kincardine,http://www.theyworkforyou.com/mp/10552/robert_smith/west_aberdeenshire_and_kincardine
Nicholas,Soames,Conservative,Mid Sussex,http://www.theyworkforyou.com/mp/10555/nicholas_soames/mid_sussex
Anna,Soubry,Conservative,Broxtowe,http://www.theyworkforyou.com/mp/24772/anna_soubry/broxtowe
John,Spellar,Labour,Warley,http://www.theyworkforyou.com/mp/10558/john_spellar/warley
Caroline,Spelman,Conservative,Meriden,http://www.theyworkforyou.com/mp/10559/caroline_spelman/meriden
Mark,Spencer,Conservative,Sherwood,http://www.theyworkforyou.com/mp/24909/mark_spencer/sherwood
John,Stanley,Conservative,Tonbridge and Malling,http://www.theyworkforyou.com/mp/10563/john_stanley/tonbridge_and_malling
Andrew,Stephenson,Conservative,Pendle,http://www.theyworkforyou.com/mp/24759/andrew_stephenson/pendle
John,Stevenson,Conservative,Carlisle,http://www.theyworkforyou.com/mp/24799/john_stevenson/carlisle
Bob,Stewart,Conservative,Beckenham,http://www.theyworkforyou.com/mp/24907/bob_stewart/beckenham
Iain,Stewart,Conservative,Milton Keynes South,http://www.theyworkforyou.com/mp/24947/iain_stewart/milton_keynes_south
Rory,Stewart,Conservative,Penrith and The Border,http://www.theyworkforyou.com/mp/24964/rory_stewart/penrith_and_the_border
Jack,Straw,Labour,Blackburn,http://www.theyworkforyou.com/mp/10574/jack_straw/blackburn
Gary,Streeter,Conservative,South West Devon,http://www.theyworkforyou.com/mp/10575/gary_streeter/south_west_devon
Mel,Stride,Conservative,Central Devon,http://www.theyworkforyou.com/mp/24914/mel_stride/central_devon
Graham,Stringer,Labour,Blackley and Broughton,http://www.theyworkforyou.com/mp/10576/graham_stringer/blackley_and_broughton
Gisela,Stuart,Labour,"Birmingham, Edgbaston",http://www.theyworkforyou.com/mp/10577/gisela_stuart/birmingham%2C_edgbaston
Graham,Stuart,Conservative,Beverley and Holderness,http://www.theyworkforyou.com/mp/11406/graham_stuart/beverley_and_holderness
Andrew,Stunell,Liberal Democrat,Hazel Grove,http://www.theyworkforyou.com/mp/10578/andrew_stunell/hazel_grove
Julian,Sturdy,Conservative,York Outer,http://www.theyworkforyou.com/mp/24853/julian_sturdy/york_outer
Gerry,Sutcliffe,Labour,Bradford South,http://www.theyworkforyou.com/mp/10579/gerry_sutcliffe/bradford_south
Ian,Swales,Liberal Democrat,Redcar,http://www.theyworkforyou.com/mp/24819/ian_swales/redcar
Desmond,Swayne,Conservative,New Forest West,http://www.theyworkforyou.com/mp/10580/desmond_swayne/new_forest_west
Jo,Swinson,Liberal Democrat,East Dunbartonshire,http://www.theyworkforyou.com/mp/11971/jo_swinson/east_dunbartonshire
Hugo,Swire,Conservative,East Devon,http://www.theyworkforyou.com/mp/11265/hugo_swire/east_devon
Robert,Syms,Conservative,Poole,http://www.theyworkforyou.com/mp/10582/robert_syms/poole
Mark,Tami,Labour,Alyn and Deeside,http://www.theyworkforyou.com/mp/11267/mark_tami/alyn_and_deeside
Peter,Tapsell,Conservative,Louth and Horncastle,http://www.theyworkforyou.com/mp/10583/peter_tapsell/louth_and_horncastle
Sarah,Teather,Liberal Democrat,Brent Central,http://www.theyworkforyou.com/mp/11350/sarah_teather/brent_central
Gareth,Thomas,Labour,Harrow West,http://www.theyworkforyou.com/mp/10594/gareth_thomas/harrow_west
Emily,Thornberry,Labour,Islington South and Finsbury,http://www.theyworkforyou.com/mp/11656/emily_thornberry/islington_south_and_finsbury
Mike,Thornton,Liberal Democrat,Eastleigh,http://www.theyworkforyou.com/mp/25175/mike_thornton/eastleigh
John,Thurso,Liberal Democrat,"Caithness, Sutherland and Easter Ross",http://www.theyworkforyou.com/mp/11280/john_thurso/caithness%2C_sutherland_and_easter_ross
Stephen,Timms,Labour,East Ham,http://www.theyworkforyou.com/mp/10596/stephen_timms/east_ham
Edward,Timpson,Conservative,Crewe and Nantwich,http://www.theyworkforyou.com/mp/14128/edward_timpson/crewe_and_nantwich
Justin,Tomlinson,Conservative,North Swindon,http://www.theyworkforyou.com/mp/24870/justin_tomlinson/north_swindon
David,Tredinnick,Conservative,Bosworth,http://www.theyworkforyou.com/mp/10602/david_tredinnick/bosworth
Jon,Trickett,Labour,Hemsworth,http://www.theyworkforyou.com/mp/10604/jon_trickett/hemsworth
Elizabeth,Truss,Conservative,South West Norfolk,http://www.theyworkforyou.com/mp/24941/elizabeth_truss/south_west_norfolk
Andrew,Turner,Conservative,Isle of Wight,http://www.theyworkforyou.com/mp/11291/andrew_turner/isle_of_wight
Karl,Turner,Labour,Kingston upon Hull East,http://www.theyworkforyou.com/mp/24767/karl_turner/kingston_upon_hull_east
Derek,Twigg,Labour,Halton,http://www.theyworkforyou.com/mp/10610/derek_twigg/halton
Stephen,Twigg,Labour,"Liverpool, West Derby",http://www.theyworkforyou.com/mp/10611/stephen_twigg/liverpool%2C_west_derby
Andrew,Tyrie,Conservative,Chichester,http://www.theyworkforyou.com/mp/10613/andrew_tyrie/chichester
Chuka,Umunna,Labour,Streatham,http://www.theyworkforyou.com/mp/24950/chuka_umunna/streatham
Paul,Uppal,Conservative,Wolverhampton South West,http://www.theyworkforyou.com/mp/24886/paul_uppal/wolverhampton_south_west
Edward,Vaizey,Conservative,Wantage,http://www.theyworkforyou.com/mp/11905/edward_vaizey/wantage
Shailesh,Vara,Conservative,North West Cambridgeshire,http://www.theyworkforyou.com/mp/11475/shailesh_vara/north_west_cambridgeshire
Keith,Vaz,Labour,Leicester East,http://www.theyworkforyou.com/mp/10614/keith_vaz/leicester_east
Valerie,Vaz,Labour,Walsall South,http://www.theyworkforyou.com/mp/24852/valerie_vaz/walsall_south
Martin,Vickers,Conservative,Cleethorpes,http://www.theyworkforyou.com/mp/24814/martin_vickers/cleethorpes
Theresa,Villiers,Conservative,Chipping Barnet,http://www.theyworkforyou.com/mp/11500/theresa_villiers/chipping_barnet
Charles,Walker,Conservative,Broxbourne,http://www.theyworkforyou.com/mp/11461/charles_walker/broxbourne
Robin,Walker,Conservative,Worcester,http://www.theyworkforyou.com/mp/24862/robin_walker/worcester
Ben,Wallace,Conservative,Wyre and Preston North,http://www.theyworkforyou.com/mp/11668/ben_wallace/wyre_and_preston_north
Joan,Walley,Labour,Stoke-on-Trent North,http://www.theyworkforyou.com/mp/10619/joan_walley/stoke-on-trent_north
Robert,Walter,Conservative,North Dorset,http://www.theyworkforyou.com/mp/10620/robert_walter/north_dorset
David,Ward,Liberal Democrat,Bradford East,http://www.theyworkforyou.com/mp/24946/david_ward/bradford_east
Angela,Watkinson,Conservative,Hornchurch and Upminster,http://www.theyworkforyou.com/mp/11308/angela_watkinson/hornchurch_and_upminster
Tom,Watson,Labour,West Bromwich East,http://www.theyworkforyou.com/mp/11309/tom_watson/west_bromwich_east
Dave,Watts,Labour,St Helens North,http://www.theyworkforyou.com/mp/10625/dave_watts/st_helens_north
Mike,Weatherley,Conservative,Hove,http://www.theyworkforyou.com/mp/24889/mike_weatherley/hove
Steve,Webb,Liberal Democrat,Thornbury and Yate,http://www.theyworkforyou.com/mp/10626/steve_webb/thornbury_and_yate
Michael,Weir,Scottish National Party,Angus,http://www.theyworkforyou.com/mp/11312/michael_weir/angus
James,Wharton,Conservative,Stockton South,http://www.theyworkforyou.com/mp/24930/james_wharton/stockton_south
Heather,Wheeler,Conservative,South Derbyshire,http://www.theyworkforyou.com/mp/24769/heather_wheeler/south_derbyshire
Chris,White,Conservative,Warwick and Leamington,http://www.theyworkforyou.com/mp/24959/chris_white/warwick_and_leamington
Eilidh,Whiteford,Scottish National Party,Banff and Buchan,http://www.theyworkforyou.com/mp/24812/eilidh_whiteford/banff_and_buchan
Alan,Whitehead,Labour,"Southampton, Test",http://www.theyworkforyou.com/mp/10630/alan_whitehead/southampton%2C_test
Craig,Whittaker,Conservative,Calder Valley,http://www.theyworkforyou.com/mp/24944/craig_whittaker/calder_valley
John,Whittingdale,Conservative,Maldon,http://www.theyworkforyou.com/mp/10632/john_whittingdale/maldon
Bill,Wiggin,Conservative,North Herefordshire,http://www.theyworkforyou.com/mp/11318/bill_wiggin/north_herefordshire
David,Willetts,Conservative,Havant,http://www.theyworkforyou.com/mp/10637/david_willetts/havant
Hywel,Williams,Plaid Cymru,Arfon,http://www.theyworkforyou.com/mp/11323/hywel_williams/arfon
Mark,Williams,Liberal Democrat,Ceredigion,http://www.theyworkforyou.com/mp/11489/mark_williams/ceredigion
Roger,Williams,Liberal Democrat,Brecon and Radnorshire,http://www.theyworkforyou.com/mp/11324/roger_williams/brecon_and_radnorshire
Stephen,Williams,Liberal Democrat,Bristol West,http://www.theyworkforyou.com/mp/11458/stephen_williams/bristol_west
Chris,Williamson,Labour,Derby North,http://www.theyworkforyou.com/mp/24830/chris_williamson/derby_north
Gavin,Williamson,Conservative,South Staffordshire,http://www.theyworkforyou.com/mp/24729/gavin_williamson/south_staffordshire
Jennifer,Willott,Liberal Democrat,Cardiff Central,http://www.theyworkforyou.com/mp/11480/jennifer_willott/cardiff_central
Phil,Wilson,Labour,Sedgefield,http://www.theyworkforyou.com/mp/13933/phil_wilson/sedgefield
Rob,Wilson,Conservative,Reading East,http://www.theyworkforyou.com/mp/11773/rob_wilson/reading_east
Sammy,Wilson,DUP,East Antrim,http://www.theyworkforyou.com/mp/11374/sammy_wilson/east_antrim
David,Winnick,Labour,Walsall North,http://www.theyworkforyou.com/mp/10645/david_winnick/walsall_north
Rosie,Winterton,Labour,Doncaster Central,http://www.theyworkforyou.com/mp/10648/rosie_winterton/doncaster_central
Pete,Wishart,Scottish National Party,Perth and North Perthshire,http://www.theyworkforyou.com/mp/11333/pete_wishart/perth_and_north_perthshire
Sarah,Wollaston,Conservative,Totnes,http://www.theyworkforyou.com/mp/24761/sarah_wollaston/totnes
Mike,Wood,Labour,Batley and Spen,http://www.theyworkforyou.com/mp/10650/mike_wood/batley_and_spen
John,Woodcock,Labour,Barrow and Furness,http://www.theyworkforyou.com/mp/24837/john_woodcock/barrow_and_furness
Shaun,Woodward,Labour,St Helens South and Whiston,http://www.theyworkforyou.com/mp/10651/shaun_woodward/st_helens_south_and_whiston
David,Wright,Labour,Telford,http://www.theyworkforyou.com/mp/11340/david_wright/telford
Iain,Wright,Labour,Hartlepool,http://www.theyworkforyou.com/mp/11362/iain_wright/hartlepool
Jeremy,Wright,Conservative,Kenilworth and Southam,http://www.theyworkforyou.com/mp/11791/jeremy_wright/kenilworth_and_southam
Simon,Wright,Liberal Democrat,Norwich South,http://www.theyworkforyou.com/mp/24874/simon_wright/norwich_south
Tim,Yeo,Conservative,South Suffolk,http://www.theyworkforyou.com/mp/10658/tim_yeo/south_suffolk
George,Young,Conservative,North West Hampshire,http://www.theyworkforyou.com/mp/10659/george_young/north_west_hampshire
Nadhim,Zahawi,Conservative,Stratford-on-Avon,http://www.theyworkforyou.com/mp/24822/nadhim_zahawi/stratford-on-avon
